run,dimensions,sample_n,sampler,dh
0,5,100,Latin Hypercube,2.0762002721616146
0,5,100,Random walk,3.825224287882847
0,5,100,Hilbert curve 0.1,2.205348378101201
0,5,100,Hilbert curve 0.3,2.0462869744682877
0,5,100,Hilbert curve 0.5,2.1162345664140556
0,5,316,Latin Hypercube,1.6347388677820975
0,5,316,Random walk,4.183341904119186
0,5,316,Hilbert curve 0.1,1.654737703617353
0,5,316,Hilbert curve 0.3,1.6025962333262949
0,5,316,Hilbert curve 0.5,1.6933855747888422
0,5,1000,Latin Hypercube,1.2697099538857213
0,5,1000,Random walk,3.760180080800085
0,5,1000,Hilbert curve 0.1,1.3026268155041534
0,5,1000,Hilbert curve 0.3,1.2591369175587592
0,5,1000,Hilbert curve 0.5,1.401594637642591
0,10,100,Latin Hypercube,5.054380353278546
0,10,100,Random walk,8.059695676528358
0,10,100,Hilbert curve 0.1,5.253961241286966
0,10,100,Hilbert curve 0.3,4.9830719238125
0,10,100,Hilbert curve 0.5,4.946144668008868
0,10,316,Latin Hypercube,4.41393586690042
0,10,316,Random walk,7.86169558370584
0,10,316,Hilbert curve 0.1,4.553275703064932
0,10,316,Hilbert curve 0.3,4.35337402494189
0,10,316,Hilbert curve 0.5,4.366716084957328
0,10,1000,Latin Hypercube,3.876993006349199
0,10,1000,Random walk,7.898995912329041
0,10,1000,Hilbert curve 0.1,3.96896422363967
0,10,1000,Hilbert curve 0.3,3.812368083179264
0,10,1000,Hilbert curve 0.5,3.8908274705389223
0,20,100,Latin Hypercube,9.928463207445159
0,20,100,Random walk,12.277252409528344
0,20,100,Hilbert curve 0.1,10.240375175507843
0,20,100,Hilbert curve 0.3,9.660434041014792
0,20,100,Hilbert curve 0.5,9.47651730857508
0,20,316,Latin Hypercube,9.248913723544193
0,20,316,Random walk,13.029558307047253
0,20,316,Hilbert curve 0.1,9.48351916466713
0,20,316,Hilbert curve 0.3,8.933637946733572
0,20,316,Hilbert curve 0.5,8.775983819166477
0,20,1000,Latin Hypercube,8.603727456932473
0,20,1000,Random walk,12.284535969904676
0,20,1000,Hilbert curve 0.1,8.761746360239602
0,20,1000,Hilbert curve 0.3,8.282081653316107
0,20,1000,Hilbert curve 0.5,8.201717390228682
1,5,100,Latin Hypercube,2.071997519542439
1,5,100,Random walk,4.115257331468563
1,5,100,Hilbert curve 0.1,2.161969462396467
1,5,100,Hilbert curve 0.3,2.0668779475677885
1,5,100,Hilbert curve 0.5,2.0577154463923795
1,5,316,Latin Hypercube,1.62086144744184
1,5,316,Random walk,4.337888231249449
1,5,316,Hilbert curve 0.1,1.6647744613681605
1,5,316,Hilbert curve 0.3,1.5999815895220577
1,5,316,Hilbert curve 0.5,1.6762840094957125
1,5,1000,Latin Hypercube,1.2631989595349626
1,5,1000,Random walk,3.663303579204056
1,5,1000,Hilbert curve 0.1,1.2995082579107067
1,5,1000,Hilbert curve 0.3,1.2849182906627317
1,5,1000,Hilbert curve 0.5,1.452694757322948
1,10,100,Latin Hypercube,5.11609330234571
1,10,100,Random walk,7.891886854157429
1,10,100,Hilbert curve 0.1,5.307364124136371
1,10,100,Hilbert curve 0.3,4.948774331431529
1,10,100,Hilbert curve 0.5,4.9611679146025525
1,10,316,Latin Hypercube,4.436368265981017
1,10,316,Random walk,7.856251277953853
1,10,316,Hilbert curve 0.1,4.556679471090378
1,10,316,Hilbert curve 0.3,4.335535047771141
1,10,316,Hilbert curve 0.5,4.365348476904591
1,10,1000,Latin Hypercube,3.8813278762761545
1,10,1000,Random walk,7.916636110117008
1,10,1000,Hilbert curve 0.1,3.9650696729740846
1,10,1000,Hilbert curve 0.3,3.792720746931532
1,10,1000,Hilbert curve 0.5,3.8934624324578415
1,20,100,Latin Hypercube,9.94628565700582
1,20,100,Random walk,12.769966412674755
1,20,100,Hilbert curve 0.1,10.253956875844315
1,20,100,Hilbert curve 0.3,9.630113807073283
1,20,100,Hilbert curve 0.5,9.433194660393529
1,20,316,Latin Hypercube,9.23427586536316
1,20,316,Random walk,12.973848680735545
1,20,316,Hilbert curve 0.1,9.45916502215173
1,20,316,Hilbert curve 0.3,8.951695750987342
1,20,316,Hilbert curve 0.5,8.777072203324451
1,20,1000,Latin Hypercube,8.591766758473387
1,20,1000,Random walk,12.16918886795801
1,20,1000,Hilbert curve 0.1,8.74615916808228
1,20,1000,Hilbert curve 0.3,8.283527582941604
1,20,1000,Hilbert curve 0.5,8.20825306563143
2,5,100,Latin Hypercube,2.075639118813778
2,5,100,Random walk,4.103673726003742
2,5,100,Hilbert curve 0.1,2.1463397819801
2,5,100,Hilbert curve 0.3,2.0509891654875476
2,5,100,Hilbert curve 0.5,2.0955807276022798
2,5,316,Latin Hypercube,1.63515145092746
2,5,316,Random walk,4.00328628232775
2,5,316,Hilbert curve 0.1,1.6613872242939498
2,5,316,Hilbert curve 0.3,1.613570675888838
2,5,316,Hilbert curve 0.5,1.669161472423423
2,5,1000,Latin Hypercube,1.270265892699112
2,5,1000,Random walk,4.419683836603025
2,5,1000,Hilbert curve 0.1,1.2899108928792888
2,5,1000,Hilbert curve 0.3,1.2667926610178994
2,5,1000,Hilbert curve 0.5,1.4461844277174731
2,10,100,Latin Hypercube,5.055734179492771
2,10,100,Random walk,7.3369820251728255
2,10,100,Hilbert curve 0.1,5.30785786715601
2,10,100,Hilbert curve 0.3,4.975278791699835
2,10,100,Hilbert curve 0.5,4.910925726599638
2,10,316,Latin Hypercube,4.419361938164216
2,10,316,Random walk,7.667299092953365
2,10,316,Hilbert curve 0.1,4.572552522947627
2,10,316,Hilbert curve 0.3,4.3289384219295455
2,10,316,Hilbert curve 0.5,4.336293875424388
2,10,1000,Latin Hypercube,3.876535584374948
2,10,1000,Random walk,7.22626906342312
2,10,1000,Hilbert curve 0.1,3.955690706037856
2,10,1000,Hilbert curve 0.3,3.808706817003611
2,10,1000,Hilbert curve 0.5,3.9097316005058995
2,20,100,Latin Hypercube,9.986933602408982
2,20,100,Random walk,12.630665494762397
2,20,100,Hilbert curve 0.1,10.259337731373504
2,20,100,Hilbert curve 0.3,9.668533453439068
2,20,100,Hilbert curve 0.5,9.456122232608372
2,20,316,Latin Hypercube,9.247186813190227
2,20,316,Random walk,12.273239017343268
2,20,316,Hilbert curve 0.1,9.445044960572869
2,20,316,Hilbert curve 0.3,8.95187181174954
2,20,316,Hilbert curve 0.5,8.791220823342588
2,20,1000,Latin Hypercube,8.591620915515186
2,20,1000,Random walk,12.732392289317097
2,20,1000,Hilbert curve 0.1,8.766712642087526
2,20,1000,Hilbert curve 0.3,8.285910274451238
2,20,1000,Hilbert curve 0.5,8.203325456652644
3,5,100,Latin Hypercube,2.0722982174183797
3,5,100,Random walk,3.7532420428464293
3,5,100,Hilbert curve 0.1,2.159012433370088
3,5,100,Hilbert curve 0.3,2.038834091675
3,5,100,Hilbert curve 0.5,2.0743931228915464
3,5,316,Latin Hypercube,1.6240096776059703
3,5,316,Random walk,4.434394836885383
3,5,316,Hilbert curve 0.1,1.6521499525304264
3,5,316,Hilbert curve 0.3,1.618428938560207
3,5,316,Hilbert curve 0.5,1.6903598335638867
3,5,1000,Latin Hypercube,1.270494605943865
3,5,1000,Random walk,3.7587408378862257
3,5,1000,Hilbert curve 0.1,1.2878131638790746
3,5,1000,Hilbert curve 0.3,1.2809050667459003
3,5,1000,Hilbert curve 0.5,1.3805583786311424
3,10,100,Latin Hypercube,5.07201816085062
3,10,100,Random walk,7.569390374126162
3,10,100,Hilbert curve 0.1,5.2361595521852555
3,10,100,Hilbert curve 0.3,4.946808872927319
3,10,100,Hilbert curve 0.5,4.953771125854688
3,10,316,Latin Hypercube,4.427396558910052
3,10,316,Random walk,7.680456034931988
3,10,316,Hilbert curve 0.1,4.5396338085541315
3,10,316,Hilbert curve 0.3,4.357547277713039
3,10,316,Hilbert curve 0.5,4.344127698548685
3,10,1000,Latin Hypercube,3.884938324715948
3,10,1000,Random walk,7.309025045726804
3,10,1000,Hilbert curve 0.1,3.956893901221891
3,10,1000,Hilbert curve 0.3,3.7985661411351663
3,10,1000,Hilbert curve 0.5,3.902126024228217
3,20,100,Latin Hypercube,9.94265145536156
3,20,100,Random walk,12.315231060773716
3,20,100,Hilbert curve 0.1,10.26205986367557
3,20,100,Hilbert curve 0.3,9.701569033773142
3,20,100,Hilbert curve 0.5,9.465243286208715
3,20,316,Latin Hypercube,9.231639003009326
3,20,316,Random walk,12.102594819274719
3,20,316,Hilbert curve 0.1,9.481082951385135
3,20,316,Hilbert curve 0.3,8.934731565327324
3,20,316,Hilbert curve 0.5,8.787174653893969
3,20,1000,Latin Hypercube,8.594293118599516
3,20,1000,Random walk,12.547054351593152
3,20,1000,Hilbert curve 0.1,8.770149658222829
3,20,1000,Hilbert curve 0.3,8.302878761122413
3,20,1000,Hilbert curve 0.5,8.20592817692413
4,5,100,Latin Hypercube,2.0518963948414473
4,5,100,Random walk,3.8663598113385342
4,5,100,Hilbert curve 0.1,2.1678284758288062
4,5,100,Hilbert curve 0.3,2.0399019901020634
4,5,100,Hilbert curve 0.5,2.1096340621424434
4,5,316,Latin Hypercube,1.6324213408064179
4,5,316,Random walk,4.166627503317947
4,5,316,Hilbert curve 0.1,1.6830547221602155
4,5,316,Hilbert curve 0.3,1.6053886448127253
4,5,316,Hilbert curve 0.5,1.6775429468638052
4,5,1000,Latin Hypercube,1.2673076836445996
4,5,1000,Random walk,3.57119110876661
4,5,1000,Hilbert curve 0.1,1.3067703715982633
4,5,1000,Hilbert curve 0.3,1.2699607067493184
4,5,1000,Hilbert curve 0.5,1.3981641685470703
4,10,100,Latin Hypercube,5.063117829197225
4,10,100,Random walk,7.485738085400704
4,10,100,Hilbert curve 0.1,5.215135516458904
4,10,100,Hilbert curve 0.3,4.952885056456396
4,10,100,Hilbert curve 0.5,4.926556296930304
4,10,316,Latin Hypercube,4.410163023902312
4,10,316,Random walk,8.20984004679841
4,10,316,Hilbert curve 0.1,4.584898553491805
4,10,316,Hilbert curve 0.3,4.357241934734376
4,10,316,Hilbert curve 0.5,4.345991180337595
4,10,1000,Latin Hypercube,3.883531884792533
4,10,1000,Random walk,7.8637388551629614
4,10,1000,Hilbert curve 0.1,3.9623296993012307
4,10,1000,Hilbert curve 0.3,3.8000017112303612
4,10,1000,Hilbert curve 0.5,3.877670613637348
4,20,100,Latin Hypercube,9.947798236975672
4,20,100,Random walk,12.649934743700804
4,20,100,Hilbert curve 0.1,10.27561871567896
4,20,100,Hilbert curve 0.3,9.658124068770478
4,20,100,Hilbert curve 0.5,9.484791376579098
4,20,316,Latin Hypercube,9.26267015052233
4,20,316,Random walk,12.795358759636391
4,20,316,Hilbert curve 0.1,9.518449695441085
4,20,316,Hilbert curve 0.3,8.927444430998136
4,20,316,Hilbert curve 0.5,8.773128317596054
4,20,1000,Latin Hypercube,8.600418079781745
4,20,1000,Random walk,12.559461451297615
4,20,1000,Hilbert curve 0.1,8.766530928932085
4,20,1000,Hilbert curve 0.3,8.288886139110106
4,20,1000,Hilbert curve 0.5,8.20535494924394
5,5,100,Latin Hypercube,2.1016729525144218
5,5,100,Random walk,3.7562297189362925
5,5,100,Hilbert curve 0.1,2.1928207415081205
5,5,100,Hilbert curve 0.3,1.9997163677800638
5,5,100,Hilbert curve 0.5,2.0678609907507965
5,5,316,Latin Hypercube,1.6168374403428047
5,5,316,Random walk,4.12898957696989
5,5,316,Hilbert curve 0.1,1.636911339905966
5,5,316,Hilbert curve 0.3,1.6011173843420041
5,5,316,Hilbert curve 0.5,1.6959291011050976
5,5,1000,Latin Hypercube,1.2661415547295145
5,5,1000,Random walk,3.2027672921803196
5,5,1000,Hilbert curve 0.1,1.2905280966402686
5,5,1000,Hilbert curve 0.3,1.266142215659277
5,5,1000,Hilbert curve 0.5,1.3860084267430899
5,10,100,Latin Hypercube,5.127925290993332
5,10,100,Random walk,8.084757658242227
5,10,100,Hilbert curve 0.1,5.28312687214017
5,10,100,Hilbert curve 0.3,4.974360014529495
5,10,100,Hilbert curve 0.5,4.931639030796701
5,10,316,Latin Hypercube,4.432295405646702
5,10,316,Random walk,7.191471819490823
5,10,316,Hilbert curve 0.1,4.544694874967216
5,10,316,Hilbert curve 0.3,4.341850800368746
5,10,316,Hilbert curve 0.5,4.360424747777176
5,10,1000,Latin Hypercube,3.8747169048246906
5,10,1000,Random walk,7.078099690105783
5,10,1000,Hilbert curve 0.1,3.956142275337517
5,10,1000,Hilbert curve 0.3,3.8186445771998185
5,10,1000,Hilbert curve 0.5,3.906046565892019
5,20,100,Latin Hypercube,9.935953143772858
5,20,100,Random walk,13.018980694541474
5,20,100,Hilbert curve 0.1,10.251393383623178
5,20,100,Hilbert curve 0.3,9.601596015466974
5,20,100,Hilbert curve 0.5,9.420087193805914
5,20,316,Latin Hypercube,9.231196694886552
5,20,316,Random walk,12.252691029217532
5,20,316,Hilbert curve 0.1,9.466263901898325
5,20,316,Hilbert curve 0.3,8.946880961653786
5,20,316,Hilbert curve 0.5,8.755098295028318
5,20,1000,Latin Hypercube,8.589581688526556
5,20,1000,Random walk,12.449350735680904
5,20,1000,Hilbert curve 0.1,8.76134250760295
5,20,1000,Hilbert curve 0.3,8.294811063912844
5,20,1000,Hilbert curve 0.5,8.206559469027841
6,5,100,Latin Hypercube,2.07269514935729
6,5,100,Random walk,4.0198829203994935
6,5,100,Hilbert curve 0.1,2.1796624747071274
6,5,100,Hilbert curve 0.3,2.0426184452082605
6,5,100,Hilbert curve 0.5,2.138591676157147
6,5,316,Latin Hypercube,1.631989063250175
6,5,316,Random walk,3.5714039099165853
6,5,316,Hilbert curve 0.1,1.6667937646987785
6,5,316,Hilbert curve 0.3,1.5966114463674739
6,5,316,Hilbert curve 0.5,1.7123681828657942
6,5,1000,Latin Hypercube,1.2655779510784304
6,5,1000,Random walk,4.016099236313858
6,5,1000,Hilbert curve 0.1,1.297765180011974
6,5,1000,Hilbert curve 0.3,1.2683879746055848
6,5,1000,Hilbert curve 0.5,1.4251750672419803
6,10,100,Latin Hypercube,5.0412266905925875
6,10,100,Random walk,8.081000664414747
6,10,100,Hilbert curve 0.1,5.25373435331046
6,10,100,Hilbert curve 0.3,4.967163027164966
6,10,100,Hilbert curve 0.5,4.890120376091733
6,10,316,Latin Hypercube,4.438447572587732
6,10,316,Random walk,7.381953564772183
6,10,316,Hilbert curve 0.1,4.541141727151219
6,10,316,Hilbert curve 0.3,4.328011346339689
6,10,316,Hilbert curve 0.5,4.3636124147972195
6,10,1000,Latin Hypercube,3.883100980871785
6,10,1000,Random walk,7.07567256499677
6,10,1000,Hilbert curve 0.1,3.962416262974007
6,10,1000,Hilbert curve 0.3,3.7997470977633734
6,10,1000,Hilbert curve 0.5,3.8911963003430916
6,20,100,Latin Hypercube,9.96889478238716
6,20,100,Random walk,12.241411231503141
6,20,100,Hilbert curve 0.1,10.229668809834056
6,20,100,Hilbert curve 0.3,9.662670839174782
6,20,100,Hilbert curve 0.5,9.431162142221652
6,20,316,Latin Hypercube,9.26006469565254
6,20,316,Random walk,12.637470428973973
6,20,316,Hilbert curve 0.1,9.448197482156674
6,20,316,Hilbert curve 0.3,8.916906460107981
6,20,316,Hilbert curve 0.5,8.778846853750974
6,20,1000,Latin Hypercube,8.598787809711192
6,20,1000,Random walk,12.565506170132
6,20,1000,Hilbert curve 0.1,8.778927272647252
6,20,1000,Hilbert curve 0.3,8.294994025336264
6,20,1000,Hilbert curve 0.5,8.1988590045498
7,5,100,Latin Hypercube,2.0946362754029577
7,5,100,Random walk,4.076487413860179
7,5,100,Hilbert curve 0.1,2.159456750889405
7,5,100,Hilbert curve 0.3,2.061145111568866
7,5,100,Hilbert curve 0.5,2.083551493789327
7,5,316,Latin Hypercube,1.6429319935939808
7,5,316,Random walk,3.6074098491256428
7,5,316,Hilbert curve 0.1,1.6517189743804999
7,5,316,Hilbert curve 0.3,1.6176090217337578
7,5,316,Hilbert curve 0.5,1.6627724281535887
7,5,1000,Latin Hypercube,1.2678816057431672
7,5,1000,Random walk,4.077526510855403
7,5,1000,Hilbert curve 0.1,1.2903441267368907
7,5,1000,Hilbert curve 0.3,1.2628927340508391
7,5,1000,Hilbert curve 0.5,1.4358003511422925
7,10,100,Latin Hypercube,5.065878229654286
7,10,100,Random walk,7.907205681075151
7,10,100,Hilbert curve 0.1,5.233887871729764
7,10,100,Hilbert curve 0.3,4.937414905603592
7,10,100,Hilbert curve 0.5,4.938831618175972
7,10,316,Latin Hypercube,4.4030228127627975
7,10,316,Random walk,7.808655031320275
7,10,316,Hilbert curve 0.1,4.53998141730447
7,10,316,Hilbert curve 0.3,4.32254210310741
7,10,316,Hilbert curve 0.5,4.36127676090352
7,10,1000,Latin Hypercube,3.876069864695905
7,10,1000,Random walk,7.285721759870321
7,10,1000,Hilbert curve 0.1,3.964132664418582
7,10,1000,Hilbert curve 0.3,3.8012041741324114
7,10,1000,Hilbert curve 0.5,3.9221622221457597
7,20,100,Latin Hypercube,9.959693533292144
7,20,100,Random walk,13.078142329476295
7,20,100,Hilbert curve 0.1,10.295350136474474
7,20,100,Hilbert curve 0.3,9.67339926109637
7,20,100,Hilbert curve 0.5,9.4051039343848
7,20,316,Latin Hypercube,9.222018336733882
7,20,316,Random walk,12.401127857481663
7,20,316,Hilbert curve 0.1,9.472553475668516
7,20,316,Hilbert curve 0.3,8.916567936284904
7,20,316,Hilbert curve 0.5,8.79871481952678
7,20,1000,Latin Hypercube,8.599568001510997
7,20,1000,Random walk,12.32339434662584
7,20,1000,Hilbert curve 0.1,8.754714561057668
7,20,1000,Hilbert curve 0.3,8.285155866209447
7,20,1000,Hilbert curve 0.5,8.208630028321927
8,5,100,Latin Hypercube,2.059911166975693
8,5,100,Random walk,3.685947518022605
8,5,100,Hilbert curve 0.1,2.197525488218541
8,5,100,Hilbert curve 0.3,2.0431110020845824
8,5,100,Hilbert curve 0.5,2.126267288607797
8,5,316,Latin Hypercube,1.6215165223204187
8,5,316,Random walk,3.7789855764020928
8,5,316,Hilbert curve 0.1,1.6684208264829574
8,5,316,Hilbert curve 0.3,1.6350938369845804
8,5,316,Hilbert curve 0.5,1.6655244622584249
8,5,1000,Latin Hypercube,1.2739666840270252
8,5,1000,Random walk,4.366108743791862
8,5,1000,Hilbert curve 0.1,1.2898161094755696
8,5,1000,Hilbert curve 0.3,1.2851607610209959
8,5,1000,Hilbert curve 0.5,1.3856116333994457
8,10,100,Latin Hypercube,5.0327193228954945
8,10,100,Random walk,7.7032804349089705
8,10,100,Hilbert curve 0.1,5.2037788867306976
8,10,100,Hilbert curve 0.3,4.973586022033166
8,10,100,Hilbert curve 0.5,4.963957744179096
8,10,316,Latin Hypercube,4.424817302043383
8,10,316,Random walk,7.410181789590243
8,10,316,Hilbert curve 0.1,4.577036706025868
8,10,316,Hilbert curve 0.3,4.329433975399011
8,10,316,Hilbert curve 0.5,4.3720693137516236
8,10,1000,Latin Hypercube,3.875824077541245
8,10,1000,Random walk,7.146347498712011
8,10,1000,Hilbert curve 0.1,3.9679134173459514
8,10,1000,Hilbert curve 0.3,3.8130199615222393
8,10,1000,Hilbert curve 0.5,3.8894271761313983
8,20,100,Latin Hypercube,9.98726807386733
8,20,100,Random walk,12.73286368238699
8,20,100,Hilbert curve 0.1,10.242014006758273
8,20,100,Hilbert curve 0.3,9.658483549889263
8,20,100,Hilbert curve 0.5,9.428488574702882
8,20,316,Latin Hypercube,9.246038619353728
8,20,316,Random walk,12.586470439413613
8,20,316,Hilbert curve 0.1,9.475490898860526
8,20,316,Hilbert curve 0.3,8.936656102369332
8,20,316,Hilbert curve 0.5,8.7971433054727
8,20,1000,Latin Hypercube,8.588166767626326
8,20,1000,Random walk,12.68544600808812
8,20,1000,Hilbert curve 0.1,8.767091351408595
8,20,1000,Hilbert curve 0.3,8.289626594701403
8,20,1000,Hilbert curve 0.5,8.204108512273958
9,5,100,Latin Hypercube,2.052122192787754
9,5,100,Random walk,3.9596255940135467
9,5,100,Hilbert curve 0.1,2.2081750984492983
9,5,100,Hilbert curve 0.3,2.0340636312463167
9,5,100,Hilbert curve 0.5,2.1982006747202556
9,5,316,Latin Hypercube,1.6305812299815883
9,5,316,Random walk,3.417679394492596
9,5,316,Hilbert curve 0.1,1.65119794632863
9,5,316,Hilbert curve 0.3,1.6175640437060497
9,5,316,Hilbert curve 0.5,1.7013509219013296
9,5,1000,Latin Hypercube,1.2664075926408922
9,5,1000,Random walk,4.043422209522785
9,5,1000,Hilbert curve 0.1,1.2926909626109173
9,5,1000,Hilbert curve 0.3,1.2657441212767901
9,5,1000,Hilbert curve 0.5,1.3875022701680246
9,10,100,Latin Hypercube,5.053866760137054
9,10,100,Random walk,7.5552642073594285
9,10,100,Hilbert curve 0.1,5.187416859250488
9,10,100,Hilbert curve 0.3,4.996936964162719
9,10,100,Hilbert curve 0.5,4.967418912201963
9,10,316,Latin Hypercube,4.431380160951064
9,10,316,Random walk,8.158430995408798
9,10,316,Hilbert curve 0.1,4.553958062317686
9,10,316,Hilbert curve 0.3,4.31525870295584
9,10,316,Hilbert curve 0.5,4.336051271341149
9,10,1000,Latin Hypercube,3.8740388181831302
9,10,1000,Random walk,7.694767866173462
9,10,1000,Hilbert curve 0.1,3.973045070938643
9,10,1000,Hilbert curve 0.3,3.8008832384997886
9,10,1000,Hilbert curve 0.5,3.889850045279559
9,20,100,Latin Hypercube,9.959741658279254
9,20,100,Random walk,12.391577763615624
9,20,100,Hilbert curve 0.1,10.25359654030371
9,20,100,Hilbert curve 0.3,9.687433281228138
9,20,100,Hilbert curve 0.5,9.458207712591749
9,20,316,Latin Hypercube,9.233610422582478
9,20,316,Random walk,12.49406358109934
9,20,316,Hilbert curve 0.1,9.468155932618078
9,20,316,Hilbert curve 0.3,8.935825496247308
9,20,316,Hilbert curve 0.5,8.777603174246838
9,20,1000,Latin Hypercube,8.594443124237124
9,20,1000,Random walk,12.435950314144543
9,20,1000,Hilbert curve 0.1,8.760272926521845
9,20,1000,Hilbert curve 0.3,8.282890297058024
9,20,1000,Hilbert curve 0.5,8.204052703234458
10,5,100,Latin Hypercube,2.053841577124229
10,5,100,Random walk,3.9370292335425976
10,5,100,Hilbert curve 0.1,2.1746118525805755
10,5,100,Hilbert curve 0.3,2.068079923990677
10,5,100,Hilbert curve 0.5,2.116670219068531
10,5,316,Latin Hypercube,1.6212776173002765
10,5,316,Random walk,3.219522395275114
10,5,316,Hilbert curve 0.1,1.6497090950636977
10,5,316,Hilbert curve 0.3,1.6122663496650205
10,5,316,Hilbert curve 0.5,1.6736535259127938
10,5,1000,Latin Hypercube,1.2742569679260363
10,5,1000,Random walk,4.079529311366014
10,5,1000,Hilbert curve 0.1,1.290802085752281
10,5,1000,Hilbert curve 0.3,1.2801296973647354
10,5,1000,Hilbert curve 0.5,1.3655978110796245
10,10,100,Latin Hypercube,5.039502861315653
10,10,100,Random walk,7.78854329475221
10,10,100,Hilbert curve 0.1,5.224414023759105
10,10,100,Hilbert curve 0.3,4.977330014953355
10,10,100,Hilbert curve 0.5,4.921499075647125
10,10,316,Latin Hypercube,4.439337161782606
10,10,316,Random walk,7.640108029872168
10,10,316,Hilbert curve 0.1,4.5497110224196335
10,10,316,Hilbert curve 0.3,4.3246164209840625
10,10,316,Hilbert curve 0.5,4.366652761088003
10,10,1000,Latin Hypercube,3.8799286209442805
10,10,1000,Random walk,7.510631411271505
10,10,1000,Hilbert curve 0.1,3.9678278545106127
10,10,1000,Hilbert curve 0.3,3.798758195501429
10,10,1000,Hilbert curve 0.5,3.888000295028268
10,20,100,Latin Hypercube,9.933231476408114
10,20,100,Random walk,12.213961966675484
10,20,100,Hilbert curve 0.1,10.278890471024951
10,20,100,Hilbert curve 0.3,9.693501458401395
10,20,100,Hilbert curve 0.5,9.416033170974165
10,20,316,Latin Hypercube,9.232702845543583
10,20,316,Random walk,12.715739468098425
10,20,316,Hilbert curve 0.1,9.47306878971722
10,20,316,Hilbert curve 0.3,8.960755641122278
10,20,316,Hilbert curve 0.5,8.788449652928659
10,20,1000,Latin Hypercube,8.596335673811915
10,20,1000,Random walk,12.15410321786642
10,20,1000,Hilbert curve 0.1,8.75893174839842
10,20,1000,Hilbert curve 0.3,8.294306199323927
10,20,1000,Hilbert curve 0.5,8.221170570446366
11,5,100,Latin Hypercube,2.0610342201402974
11,5,100,Random walk,4.152518828099753
11,5,100,Hilbert curve 0.1,2.143503106903218
11,5,100,Hilbert curve 0.3,2.063673357397095
11,5,100,Hilbert curve 0.5,2.0859760810615495
11,5,316,Latin Hypercube,1.6136540530100374
11,5,316,Random walk,4.405302944521107
11,5,316,Hilbert curve 0.1,1.6672824731809845
11,5,316,Hilbert curve 0.3,1.609438840933785
11,5,316,Hilbert curve 0.5,1.6817876934320102
11,5,1000,Latin Hypercube,1.264589032146505
11,5,1000,Random walk,3.848516465891384
11,5,1000,Hilbert curve 0.1,1.3002011839638705
11,5,1000,Hilbert curve 0.3,1.2737997876498568
11,5,1000,Hilbert curve 0.5,1.396842266810419
11,10,100,Latin Hypercube,5.06985115196946
11,10,100,Random walk,7.601690376265717
11,10,100,Hilbert curve 0.1,5.237776091978481
11,10,100,Hilbert curve 0.3,4.981913300563065
11,10,100,Hilbert curve 0.5,4.90601096394912
11,10,316,Latin Hypercube,4.417231261932595
11,10,316,Random walk,7.582769650098042
11,10,316,Hilbert curve 0.1,4.54917696837923
11,10,316,Hilbert curve 0.3,4.341417385357778
11,10,316,Hilbert curve 0.5,4.37010624276833
11,10,1000,Latin Hypercube,3.8797155726889656
11,10,1000,Random walk,7.124440871695921
11,10,1000,Hilbert curve 0.1,3.9659760369147965
11,10,1000,Hilbert curve 0.3,3.8113002322840557
11,10,1000,Hilbert curve 0.5,3.890580115028865
11,20,100,Latin Hypercube,9.949037270891145
11,20,100,Random walk,12.667935827850561
11,20,100,Hilbert curve 0.1,10.281348570739805
11,20,100,Hilbert curve 0.3,9.644638312359218
11,20,100,Hilbert curve 0.5,9.42887728034367
11,20,316,Latin Hypercube,9.253412723589037
11,20,316,Random walk,12.608059467807783
11,20,316,Hilbert curve 0.1,9.469351545756583
11,20,316,Hilbert curve 0.3,8.946161765891164
11,20,316,Hilbert curve 0.5,8.806412349614037
11,20,1000,Latin Hypercube,8.60234555782101
11,20,1000,Random walk,12.359688042889648
11,20,1000,Hilbert curve 0.1,8.764649275876302
11,20,1000,Hilbert curve 0.3,8.29744359655531
11,20,1000,Hilbert curve 0.5,8.218838571449815
12,5,100,Latin Hypercube,2.068598113546355
12,5,100,Random walk,4.134154017017807
12,5,100,Hilbert curve 0.1,2.2252392451669265
12,5,100,Hilbert curve 0.3,2.0403152098460158
12,5,100,Hilbert curve 0.5,2.1031618917419848
12,5,316,Latin Hypercube,1.614133912308304
12,5,316,Random walk,4.05286109781432
12,5,316,Hilbert curve 0.1,1.6673699763816383
12,5,316,Hilbert curve 0.3,1.590429841633779
12,5,316,Hilbert curve 0.5,1.6952802197278625
12,5,1000,Latin Hypercube,1.2654763953079633
12,5,1000,Random walk,3.3622186193091625
12,5,1000,Hilbert curve 0.1,1.289664249789968
12,5,1000,Hilbert curve 0.3,1.2711226200714592
12,5,1000,Hilbert curve 0.5,1.4255039080210161
12,10,100,Latin Hypercube,5.052630777828652
12,10,100,Random walk,7.686342227205751
12,10,100,Hilbert curve 0.1,5.242270940933667
12,10,100,Hilbert curve 0.3,4.988746631107666
12,10,100,Hilbert curve 0.5,4.9275353447953565
12,10,316,Latin Hypercube,4.421493973872445
12,10,316,Random walk,8.13224004362381
12,10,316,Hilbert curve 0.1,4.540195560568345
12,10,316,Hilbert curve 0.3,4.336978330866064
12,10,316,Hilbert curve 0.5,4.3401174673029805
12,10,1000,Latin Hypercube,3.8728003534527145
12,10,1000,Random walk,7.418534271336865
12,10,1000,Hilbert curve 0.1,3.958841350305808
12,10,1000,Hilbert curve 0.3,3.8076466123800734
12,10,1000,Hilbert curve 0.5,3.8882186035565742
12,20,100,Latin Hypercube,9.923217013268184
12,20,100,Random walk,12.386400306662894
12,20,100,Hilbert curve 0.1,10.264481163781234
12,20,100,Hilbert curve 0.3,9.642030617038323
12,20,100,Hilbert curve 0.5,9.40173908866577
12,20,316,Latin Hypercube,9.227024880040961
12,20,316,Random walk,12.662436845732774
12,20,316,Hilbert curve 0.1,9.470178481699918
12,20,316,Hilbert curve 0.3,8.940353333210943
12,20,316,Hilbert curve 0.5,8.787873387066767
12,20,1000,Latin Hypercube,8.59494967835498
12,20,1000,Random walk,13.081590999126743
12,20,1000,Hilbert curve 0.1,8.745823658102521
12,20,1000,Hilbert curve 0.3,8.281286889208625
12,20,1000,Hilbert curve 0.5,8.20330947361455
13,5,100,Latin Hypercube,2.1065037439569934
13,5,100,Random walk,3.999649392172834
13,5,100,Hilbert curve 0.1,2.1756795538184166
13,5,100,Hilbert curve 0.3,2.060603036220208
13,5,100,Hilbert curve 0.5,2.076888108251482
13,5,316,Latin Hypercube,1.6152965431867905
13,5,316,Random walk,3.6091524878036463
13,5,316,Hilbert curve 0.1,1.6667802421595332
13,5,316,Hilbert curve 0.3,1.6100587764188727
13,5,316,Hilbert curve 0.5,1.6973253421988184
13,5,1000,Latin Hypercube,1.266993921946225
13,5,1000,Random walk,3.796995680585281
13,5,1000,Hilbert curve 0.1,1.282058260277323
13,5,1000,Hilbert curve 0.3,1.2725482934778314
13,5,1000,Hilbert curve 0.5,1.4304998287426112
13,10,100,Latin Hypercube,5.070267500871437
13,10,100,Random walk,7.680950145896809
13,10,100,Hilbert curve 0.1,5.238558979822162
13,10,100,Hilbert curve 0.3,4.929444289184297
13,10,100,Hilbert curve 0.5,4.914741143409196
13,10,316,Latin Hypercube,4.423884637501114
13,10,316,Random walk,7.228585245809004
13,10,316,Hilbert curve 0.1,4.559611596908997
13,10,316,Hilbert curve 0.3,4.345424155426374
13,10,316,Hilbert curve 0.5,4.357932746686759
13,10,1000,Latin Hypercube,3.8881295570757133
13,10,1000,Random walk,7.483664954047547
13,10,1000,Hilbert curve 0.1,3.9573622422979637
13,10,1000,Hilbert curve 0.3,3.796760930808351
13,10,1000,Hilbert curve 0.5,3.9024684511299514
13,20,100,Latin Hypercube,9.94149403765949
13,20,100,Random walk,12.245953357603014
13,20,100,Hilbert curve 0.1,10.234291531494497
13,20,100,Hilbert curve 0.3,9.691415875810451
13,20,100,Hilbert curve 0.5,9.46867063939797
13,20,316,Latin Hypercube,9.240010262797503
13,20,316,Random walk,12.162548068191287
13,20,316,Hilbert curve 0.1,9.47070981622218
13,20,316,Hilbert curve 0.3,8.936579623901784
13,20,316,Hilbert curve 0.5,8.764189421441788
13,20,1000,Latin Hypercube,8.597587618031454
13,20,1000,Random walk,12.18750222003405
13,20,1000,Hilbert curve 0.1,8.753670189965264
13,20,1000,Hilbert curve 0.3,8.287785501949418
13,20,1000,Hilbert curve 0.5,8.196403974917848
14,5,100,Latin Hypercube,2.099921444313956
14,5,100,Random walk,4.334604598418383
14,5,100,Hilbert curve 0.1,2.2056963929654683
14,5,100,Hilbert curve 0.3,2.0440994336807585
14,5,100,Hilbert curve 0.5,2.0563316669484704
14,5,316,Latin Hypercube,1.6332762498022282
14,5,316,Random walk,3.7584926361066398
14,5,316,Hilbert curve 0.1,1.6741441222900708
14,5,316,Hilbert curve 0.3,1.6050953633470968
14,5,316,Hilbert curve 0.5,1.700504362974721
14,5,1000,Latin Hypercube,1.2705277779829962
14,5,1000,Random walk,3.8265202464570787
14,5,1000,Hilbert curve 0.1,1.2990075201774758
14,5,1000,Hilbert curve 0.3,1.2663216077740278
14,5,1000,Hilbert curve 0.5,1.3828941815323712
14,10,100,Latin Hypercube,5.036508748928018
14,10,100,Random walk,7.413769898100103
14,10,100,Hilbert curve 0.1,5.197829111817491
14,10,100,Hilbert curve 0.3,5.045086101151654
14,10,100,Hilbert curve 0.5,4.93679938759614
14,10,316,Latin Hypercube,4.443387615487523
14,10,316,Random walk,7.716580831918337
14,10,316,Hilbert curve 0.1,4.560908492869466
14,10,316,Hilbert curve 0.3,4.335480130127864
14,10,316,Hilbert curve 0.5,4.338520732645837
14,10,1000,Latin Hypercube,3.877913348361205
14,10,1000,Random walk,7.455370275939774
14,10,1000,Hilbert curve 0.1,3.9673266521815473
14,10,1000,Hilbert curve 0.3,3.7951311184562635
14,10,1000,Hilbert curve 0.5,3.91583273927864
14,20,100,Latin Hypercube,9.939630225844256
14,20,100,Random walk,12.554802142093468
14,20,100,Hilbert curve 0.1,10.258103057624538
14,20,100,Hilbert curve 0.3,9.632365216381961
14,20,100,Hilbert curve 0.5,9.464484319533247
14,20,316,Latin Hypercube,9.241989347752474
14,20,316,Random walk,12.605134297122898
14,20,316,Hilbert curve 0.1,9.464816723363036
14,20,316,Hilbert curve 0.3,8.969239964372713
14,20,316,Hilbert curve 0.5,8.769127647415093
14,20,1000,Latin Hypercube,8.607847564971122
14,20,1000,Random walk,12.061362689625714
14,20,1000,Hilbert curve 0.1,8.770527450775834
14,20,1000,Hilbert curve 0.3,8.279645072177951
14,20,1000,Hilbert curve 0.5,8.209082829990646
15,5,100,Latin Hypercube,2.0828087082144373
15,5,100,Random walk,3.9043431834079385
15,5,100,Hilbert curve 0.1,2.1699622676935175
15,5,100,Hilbert curve 0.3,2.0829729452283643
15,5,100,Hilbert curve 0.5,2.046654997926651
15,5,316,Latin Hypercube,1.6110969220385984
15,5,316,Random walk,4.203120198810076
15,5,316,Hilbert curve 0.1,1.6528912544975418
15,5,316,Hilbert curve 0.3,1.609022656956102
15,5,316,Hilbert curve 0.5,1.689565883255959
15,5,1000,Latin Hypercube,1.2689765401695554
15,5,1000,Random walk,3.501149333993926
15,5,1000,Hilbert curve 0.1,1.2922775330879315
15,5,1000,Hilbert curve 0.3,1.2573276002497065
15,5,1000,Hilbert curve 0.5,1.450652239680392
15,10,100,Latin Hypercube,5.130242824442939
15,10,100,Random walk,7.908870249259953
15,10,100,Hilbert curve 0.1,5.277820920218811
15,10,100,Hilbert curve 0.3,4.981833605009925
15,10,100,Hilbert curve 0.5,4.922826869829848
15,10,316,Latin Hypercube,4.423695265505787
15,10,316,Random walk,7.71394822592405
15,10,316,Hilbert curve 0.1,4.560062732020769
15,10,316,Hilbert curve 0.3,4.328504075525757
15,10,316,Hilbert curve 0.5,4.354106601222455
15,10,1000,Latin Hypercube,3.8732254560674613
15,10,1000,Random walk,7.241826777759523
15,10,1000,Hilbert curve 0.1,3.9645424777783256
15,10,1000,Hilbert curve 0.3,3.8078371582276103
15,10,1000,Hilbert curve 0.5,3.8850057330228376
15,20,100,Latin Hypercube,9.9270314028053
15,20,100,Random walk,13.004282120407002
15,20,100,Hilbert curve 0.1,10.243528716338206
15,20,100,Hilbert curve 0.3,9.651216755495367
15,20,100,Hilbert curve 0.5,9.438831591087187
15,20,316,Latin Hypercube,9.244423907254518
15,20,316,Random walk,12.588260966560831
15,20,316,Hilbert curve 0.1,9.467474646330366
15,20,316,Hilbert curve 0.3,8.939242352156631
15,20,316,Hilbert curve 0.5,8.75774820127532
15,20,1000,Latin Hypercube,8.592242608938422
15,20,1000,Random walk,12.038409036751263
15,20,1000,Hilbert curve 0.1,8.757837553355401
15,20,1000,Hilbert curve 0.3,8.290870635384772
15,20,1000,Hilbert curve 0.5,8.196582494890075
16,5,100,Latin Hypercube,2.0887777309721915
16,5,100,Random walk,3.544222664941443
16,5,100,Hilbert curve 0.1,2.183533682239022
16,5,100,Hilbert curve 0.3,2.055394479880615
16,5,100,Hilbert curve 0.5,2.1007087708705856
16,5,316,Latin Hypercube,1.6288676006972636
16,5,316,Random walk,3.642956020649658
16,5,316,Hilbert curve 0.1,1.6734567841572041
16,5,316,Hilbert curve 0.3,1.6148321413093962
16,5,316,Hilbert curve 0.5,1.6828256876773675
16,5,1000,Latin Hypercube,1.2682145875583837
16,5,1000,Random walk,4.382119319316169
16,5,1000,Hilbert curve 0.1,1.286906440813707
16,5,1000,Hilbert curve 0.3,1.2707131828435696
16,5,1000,Hilbert curve 0.5,1.4210004904920337
16,10,100,Latin Hypercube,5.091618802232153
16,10,100,Random walk,7.389962114760888
16,10,100,Hilbert curve 0.1,5.271556133123225
16,10,100,Hilbert curve 0.3,4.982034293566909
16,10,100,Hilbert curve 0.5,4.950636145362041
16,10,316,Latin Hypercube,4.413543068510294
16,10,316,Random walk,7.3489926067298486
16,10,316,Hilbert curve 0.1,4.568850769390026
16,10,316,Hilbert curve 0.3,4.337188277941485
16,10,316,Hilbert curve 0.5,4.346379344497429
16,10,1000,Latin Hypercube,3.8812959638955324
16,10,1000,Random walk,8.061602100828251
16,10,1000,Hilbert curve 0.1,3.9587878595941484
16,10,1000,Hilbert curve 0.3,3.8214242396782874
16,10,1000,Hilbert curve 0.5,3.8961334898561
16,20,100,Latin Hypercube,9.936982543922912
16,20,100,Random walk,12.332946586445873
16,20,100,Hilbert curve 0.1,10.253939173315338
16,20,100,Hilbert curve 0.3,9.704497641872438
16,20,100,Hilbert curve 0.5,9.37733579093002
16,20,316,Latin Hypercube,9.25754299976925
16,20,316,Random walk,12.075461033709628
16,20,316,Hilbert curve 0.1,9.453021777847809
16,20,316,Hilbert curve 0.3,8.961184020724929
16,20,316,Hilbert curve 0.5,8.768213789112341
16,20,1000,Latin Hypercube,8.592361732380708
16,20,1000,Random walk,12.445192813204768
16,20,1000,Hilbert curve 0.1,8.756031404612859
16,20,1000,Hilbert curve 0.3,8.30317400150247
16,20,1000,Hilbert curve 0.5,8.216666461133686
17,5,100,Latin Hypercube,2.048055689064736
17,5,100,Random walk,4.157646770611773
17,5,100,Hilbert curve 0.1,2.145527904193723
17,5,100,Hilbert curve 0.3,2.0969403391836297
17,5,100,Hilbert curve 0.5,2.1491284570364626
17,5,316,Latin Hypercube,1.6113633799095908
17,5,316,Random walk,3.2925853924867843
17,5,316,Hilbert curve 0.1,1.6615255227959156
17,5,316,Hilbert curve 0.3,1.6304805618894698
17,5,316,Hilbert curve 0.5,1.7199365432743863
17,5,1000,Latin Hypercube,1.2722670674695045
17,5,1000,Random walk,3.64029852979517
17,5,1000,Hilbert curve 0.1,1.2964128856663673
17,5,1000,Hilbert curve 0.3,1.2742379805994373
17,5,1000,Hilbert curve 0.5,1.4324322098737288
17,10,100,Latin Hypercube,5.061283341505541
17,10,100,Random walk,7.678287912161854
17,10,100,Hilbert curve 0.1,5.235622484626303
17,10,100,Hilbert curve 0.3,4.978749537581927
17,10,100,Hilbert curve 0.5,4.907175234815873
17,10,316,Latin Hypercube,4.437634701729912
17,10,316,Random walk,7.539722665894167
17,10,316,Hilbert curve 0.1,4.558229814682595
17,10,316,Hilbert curve 0.3,4.313636945237087
17,10,316,Hilbert curve 0.5,4.380716832822921
17,10,1000,Latin Hypercube,3.8833203403597714
17,10,1000,Random walk,7.505845584792053
17,10,1000,Hilbert curve 0.1,3.989747283952136
17,10,1000,Hilbert curve 0.3,3.807000761681601
17,10,1000,Hilbert curve 0.5,3.903703846323171
17,20,100,Latin Hypercube,9.929826539749458
17,20,100,Random walk,12.76137626078898
17,20,100,Hilbert curve 0.1,10.261547006268597
17,20,100,Hilbert curve 0.3,9.643455588103954
17,20,100,Hilbert curve 0.5,9.451314780195064
17,20,316,Latin Hypercube,9.237564859051991
17,20,316,Random walk,12.74709518515614
17,20,316,Hilbert curve 0.1,9.45941900820111
17,20,316,Hilbert curve 0.3,8.935035249632055
17,20,316,Hilbert curve 0.5,8.763701830791728
17,20,1000,Latin Hypercube,8.60156735123622
17,20,1000,Random walk,12.385021084080066
17,20,1000,Hilbert curve 0.1,8.76208597245718
17,20,1000,Hilbert curve 0.3,8.282679361386878
17,20,1000,Hilbert curve 0.5,8.198756749610766
18,5,100,Latin Hypercube,2.090224035383766
18,5,100,Random walk,3.663732984233098
18,5,100,Hilbert curve 0.1,2.1600776471471246
18,5,100,Hilbert curve 0.3,2.0800077206125587
18,5,100,Hilbert curve 0.5,2.05840067658159
18,5,316,Latin Hypercube,1.613262809033102
18,5,316,Random walk,4.136365087588695
18,5,316,Hilbert curve 0.1,1.6914810279855759
18,5,316,Hilbert curve 0.3,1.6203331168441644
18,5,316,Hilbert curve 0.5,1.7258335363845974
18,5,1000,Latin Hypercube,1.265460431623723
18,5,1000,Random walk,3.8956743573852504
18,5,1000,Hilbert curve 0.1,1.2949548213453463
18,5,1000,Hilbert curve 0.3,1.2778568045741352
18,5,1000,Hilbert curve 0.5,1.4100292898801414
18,10,100,Latin Hypercube,5.072348657767339
18,10,100,Random walk,7.693918545030644
18,10,100,Hilbert curve 0.1,5.2277993340026265
18,10,100,Hilbert curve 0.3,4.98481596234145
18,10,100,Hilbert curve 0.5,4.929288457295633
18,10,316,Latin Hypercube,4.479464697255404
18,10,316,Random walk,7.4426788157391925
18,10,316,Hilbert curve 0.1,4.559667841428558
18,10,316,Hilbert curve 0.3,4.342507727755508
18,10,316,Hilbert curve 0.5,4.384808266816239
18,10,1000,Latin Hypercube,3.877200596427458
18,10,1000,Random walk,7.956060930967451
18,10,1000,Hilbert curve 0.1,3.953456684690772
18,10,1000,Hilbert curve 0.3,3.8156914343183255
18,10,1000,Hilbert curve 0.5,3.88957249212382
18,20,100,Latin Hypercube,9.938856101834311
18,20,100,Random walk,12.505000209469637
18,20,100,Hilbert curve 0.1,10.252484322020765
18,20,100,Hilbert curve 0.3,9.660754265252782
18,20,100,Hilbert curve 0.5,9.471978387316394
18,20,316,Latin Hypercube,9.241341959145736
18,20,316,Random walk,12.609046760625098
18,20,316,Hilbert curve 0.1,9.495917262880488
18,20,316,Hilbert curve 0.3,8.929480626029045
18,20,316,Hilbert curve 0.5,8.770621424800105
18,20,1000,Latin Hypercube,8.59083655911109
18,20,1000,Random walk,12.61724338339362
18,20,1000,Hilbert curve 0.1,8.753128060295937
18,20,1000,Hilbert curve 0.3,8.28506050268779
18,20,1000,Hilbert curve 0.5,8.21191303596992
19,5,100,Latin Hypercube,2.0571625137376595
19,5,100,Random walk,3.9788321258848156
19,5,100,Hilbert curve 0.1,2.1664180525268137
19,5,100,Hilbert curve 0.3,2.006340540926767
19,5,100,Hilbert curve 0.5,2.106982602133021
19,5,316,Latin Hypercube,1.635596284180349
19,5,316,Random walk,3.5660377968153263
19,5,316,Hilbert curve 0.1,1.6797584289996537
19,5,316,Hilbert curve 0.3,1.6015199251679746
19,5,316,Hilbert curve 0.5,1.6723039036917842
19,5,1000,Latin Hypercube,1.2716081511543609
19,5,1000,Random walk,4.790505865114344
19,5,1000,Hilbert curve 0.1,1.3008793128478007
19,5,1000,Hilbert curve 0.3,1.2835035639670502
19,5,1000,Hilbert curve 0.5,1.409913909737896
19,10,100,Latin Hypercube,5.0922560073979275
19,10,100,Random walk,7.4355165544799
19,10,100,Hilbert curve 0.1,5.200209686024233
19,10,100,Hilbert curve 0.3,4.927733233238189
19,10,100,Hilbert curve 0.5,4.975755957269426
19,10,316,Latin Hypercube,4.41521684715901
19,10,316,Random walk,7.655579595078207
19,10,316,Hilbert curve 0.1,4.5305487613579025
19,10,316,Hilbert curve 0.3,4.32591406417982
19,10,316,Hilbert curve 0.5,4.379698350475314
19,10,1000,Latin Hypercube,3.875821553605637
19,10,1000,Random walk,7.69210157962692
19,10,1000,Hilbert curve 0.1,3.962187252883764
19,10,1000,Hilbert curve 0.3,3.7945824101497294
19,10,1000,Hilbert curve 0.5,3.8795832961730894
19,20,100,Latin Hypercube,9.948695698178769
19,20,100,Random walk,12.33163410733253
19,20,100,Hilbert curve 0.1,10.28651021968978
19,20,100,Hilbert curve 0.3,9.661067851590488
19,20,100,Hilbert curve 0.5,9.462402109596294
19,20,316,Latin Hypercube,9.236202936694333
19,20,316,Random walk,12.329650490422326
19,20,316,Hilbert curve 0.1,9.478570451283934
19,20,316,Hilbert curve 0.3,8.942679431814192
19,20,316,Hilbert curve 0.5,8.770683387231584
19,20,1000,Latin Hypercube,8.587726762566719
19,20,1000,Random walk,12.611480386081837
19,20,1000,Hilbert curve 0.1,8.751707755262515
19,20,1000,Hilbert curve 0.3,8.290104301439525
19,20,1000,Hilbert curve 0.5,8.211352423020987
20,5,100,Latin Hypercube,2.0823525533828806
20,5,100,Random walk,4.004238803085101
20,5,100,Hilbert curve 0.1,2.181233272773196
20,5,100,Hilbert curve 0.3,2.0719778032940517
20,5,100,Hilbert curve 0.5,2.142215127315668
20,5,316,Latin Hypercube,1.6382313820661236
20,5,316,Random walk,3.756325467225539
20,5,316,Hilbert curve 0.1,1.6838138235411355
20,5,316,Hilbert curve 0.3,1.6180862519745693
20,5,316,Hilbert curve 0.5,1.6958603223460236
20,5,1000,Latin Hypercube,1.2624286434324927
20,5,1000,Random walk,3.7460713754769457
20,5,1000,Hilbert curve 0.1,1.2939021400444894
20,5,1000,Hilbert curve 0.3,1.278667984381564
20,5,1000,Hilbert curve 0.5,1.407005874293017
20,10,100,Latin Hypercube,5.0818205523090585
20,10,100,Random walk,7.7250016069230005
20,10,100,Hilbert curve 0.1,5.255533223409304
20,10,100,Hilbert curve 0.3,4.968859197512727
20,10,100,Hilbert curve 0.5,4.979719068648193
20,10,316,Latin Hypercube,4.4290240183089296
20,10,316,Random walk,7.258670428379004
20,10,316,Hilbert curve 0.1,4.537956938554669
20,10,316,Hilbert curve 0.3,4.32384092025155
20,10,316,Hilbert curve 0.5,4.354332661736628
20,10,1000,Latin Hypercube,3.877296644366256
20,10,1000,Random walk,7.1970682027056565
20,10,1000,Hilbert curve 0.1,3.964344138645795
20,10,1000,Hilbert curve 0.3,3.7940413636102965
20,10,1000,Hilbert curve 0.5,3.9063074792839374
20,20,100,Latin Hypercube,9.935508355757237
20,20,100,Random walk,12.028199464735568
20,20,100,Hilbert curve 0.1,10.226654070351888
20,20,100,Hilbert curve 0.3,9.691835923209943
20,20,100,Hilbert curve 0.5,9.426938235000918
20,20,316,Latin Hypercube,9.245866563695765
20,20,316,Random walk,13.179883493999466
20,20,316,Hilbert curve 0.1,9.455581763439463
20,20,316,Hilbert curve 0.3,8.940413061820545
20,20,316,Hilbert curve 0.5,8.789696030240302
20,20,1000,Latin Hypercube,8.599895835245215
20,20,1000,Random walk,12.354079449108415
20,20,1000,Hilbert curve 0.1,8.77548328503615
20,20,1000,Hilbert curve 0.3,8.300543858152604
20,20,1000,Hilbert curve 0.5,8.20890732990222
21,5,100,Latin Hypercube,2.0819469731725317
21,5,100,Random walk,4.57373635901201
21,5,100,Hilbert curve 0.1,2.170167976157951
21,5,100,Hilbert curve 0.3,2.0986118298721195
21,5,100,Hilbert curve 0.5,2.116611605159974
21,5,316,Latin Hypercube,1.6151754125946058
21,5,316,Random walk,3.8823543819087707
21,5,316,Hilbert curve 0.1,1.6743304846629703
21,5,316,Hilbert curve 0.3,1.6068548300387295
21,5,316,Hilbert curve 0.5,1.685786852811039
21,5,1000,Latin Hypercube,1.2687197888600295
21,5,1000,Random walk,3.7428874474553466
21,5,1000,Hilbert curve 0.1,1.2772657508573781
21,5,1000,Hilbert curve 0.3,1.2763951593907947
21,5,1000,Hilbert curve 0.5,1.3931467721978945
21,10,100,Latin Hypercube,5.092579202936605
21,10,100,Random walk,7.623256335278135
21,10,100,Hilbert curve 0.1,5.280563766904391
21,10,100,Hilbert curve 0.3,4.978923442563366
21,10,100,Hilbert curve 0.5,4.950404499243646
21,10,316,Latin Hypercube,4.441311919728596
21,10,316,Random walk,6.9706529094353735
21,10,316,Hilbert curve 0.1,4.566901811011538
21,10,316,Hilbert curve 0.3,4.345844559173741
21,10,316,Hilbert curve 0.5,4.348800450886128
21,10,1000,Latin Hypercube,3.8813603365546188
21,10,1000,Random walk,7.713400276835989
21,10,1000,Hilbert curve 0.1,3.967039788243146
21,10,1000,Hilbert curve 0.3,3.8054851131965597
21,10,1000,Hilbert curve 0.5,3.8947998531059174
21,20,100,Latin Hypercube,9.93465234145968
21,20,100,Random walk,13.120580541002967
21,20,100,Hilbert curve 0.1,10.260630108084614
21,20,100,Hilbert curve 0.3,9.686079538047856
21,20,100,Hilbert curve 0.5,9.447199094547791
21,20,316,Latin Hypercube,9.23883202720331
21,20,316,Random walk,12.537957346004426
21,20,316,Hilbert curve 0.1,9.461399954114858
21,20,316,Hilbert curve 0.3,8.925716048918487
21,20,316,Hilbert curve 0.5,8.77285069381738
21,20,1000,Latin Hypercube,8.594171508298137
21,20,1000,Random walk,12.503033805305932
21,20,1000,Hilbert curve 0.1,8.755509559128233
21,20,1000,Hilbert curve 0.3,8.286134434818187
21,20,1000,Hilbert curve 0.5,8.205086006697597
22,5,100,Latin Hypercube,2.0960815004035585
22,5,100,Random walk,4.164894955523116
22,5,100,Hilbert curve 0.1,2.2246580788875416
22,5,100,Hilbert curve 0.3,2.0463553781785366
22,5,100,Hilbert curve 0.5,2.117075851914358
22,5,316,Latin Hypercube,1.6343977297386998
22,5,316,Random walk,3.5566038575334225
22,5,316,Hilbert curve 0.1,1.6327679975358806
22,5,316,Hilbert curve 0.3,1.6093811790729855
22,5,316,Hilbert curve 0.5,1.7356660784464433
22,5,1000,Latin Hypercube,1.2718003947895216
22,5,1000,Random walk,3.654135372167553
22,5,1000,Hilbert curve 0.1,1.3005504781963853
22,5,1000,Hilbert curve 0.3,1.2799881851811683
22,5,1000,Hilbert curve 0.5,1.4066984881043552
22,10,100,Latin Hypercube,5.075493563938427
22,10,100,Random walk,8.162599254312479
22,10,100,Hilbert curve 0.1,5.225556445459493
22,10,100,Hilbert curve 0.3,4.943767267547409
22,10,100,Hilbert curve 0.5,4.938837731779425
22,10,316,Latin Hypercube,4.427274842010838
22,10,316,Random walk,7.809751250751289
22,10,316,Hilbert curve 0.1,4.52974341151711
22,10,316,Hilbert curve 0.3,4.343884239444375
22,10,316,Hilbert curve 0.5,4.368192062792646
22,10,1000,Latin Hypercube,3.885615159005591
22,10,1000,Random walk,7.29094349065476
22,10,1000,Hilbert curve 0.1,3.971049253886081
22,10,1000,Hilbert curve 0.3,3.8152816288217304
22,10,1000,Hilbert curve 0.5,3.8888564632006477
22,20,100,Latin Hypercube,9.930005638875729
22,20,100,Random walk,12.255552257363847
22,20,100,Hilbert curve 0.1,10.254271918031069
22,20,100,Hilbert curve 0.3,9.669122630352904
22,20,100,Hilbert curve 0.5,9.417428480370967
22,20,316,Latin Hypercube,9.227228109001407
22,20,316,Random walk,12.501822398824585
22,20,316,Hilbert curve 0.1,9.451453217416056
22,20,316,Hilbert curve 0.3,8.912989393379574
22,20,316,Hilbert curve 0.5,8.779577766221673
22,20,1000,Latin Hypercube,8.593294735442733
22,20,1000,Random walk,12.429692738885665
22,20,1000,Hilbert curve 0.1,8.754578128938832
22,20,1000,Hilbert curve 0.3,8.296511210320094
22,20,1000,Hilbert curve 0.5,8.220473992582129
23,5,100,Latin Hypercube,2.088807670797711
23,5,100,Random walk,3.7073678578865046
23,5,100,Hilbert curve 0.1,2.177495839109029
23,5,100,Hilbert curve 0.3,2.0617036071374706
23,5,100,Hilbert curve 0.5,2.1471705740557425
23,5,316,Latin Hypercube,1.6163244050687866
23,5,316,Random walk,4.1202095028074766
23,5,316,Hilbert curve 0.1,1.6768090392068395
23,5,316,Hilbert curve 0.3,1.6164136684147747
23,5,316,Hilbert curve 0.5,1.6706506138037072
23,5,1000,Latin Hypercube,1.2676664768857606
23,5,1000,Random walk,3.347995653081678
23,5,1000,Hilbert curve 0.1,1.2974013611874555
23,5,1000,Hilbert curve 0.3,1.2637163431151281
23,5,1000,Hilbert curve 0.5,1.4012590610441173
23,10,100,Latin Hypercube,5.036056245042745
23,10,100,Random walk,7.238229778511547
23,10,100,Hilbert curve 0.1,5.238689149289936
23,10,100,Hilbert curve 0.3,5.008929490733962
23,10,100,Hilbert curve 0.5,4.887183311174109
23,10,316,Latin Hypercube,4.422472745155498
23,10,316,Random walk,7.395849081782235
23,10,316,Hilbert curve 0.1,4.552844659957512
23,10,316,Hilbert curve 0.3,4.332103350271204
23,10,316,Hilbert curve 0.5,4.340299096944061
23,10,1000,Latin Hypercube,3.880600581202762
23,10,1000,Random walk,7.640608409549111
23,10,1000,Hilbert curve 0.1,3.9471430021735023
23,10,1000,Hilbert curve 0.3,3.805520140911245
23,10,1000,Hilbert curve 0.5,3.8891892306207825
23,20,100,Latin Hypercube,9.976315716108571
23,20,100,Random walk,12.84638795165442
23,20,100,Hilbert curve 0.1,10.248632286652523
23,20,100,Hilbert curve 0.3,9.698535429384902
23,20,100,Hilbert curve 0.5,9.468175401848596
23,20,316,Latin Hypercube,9.230719882384781
23,20,316,Random walk,13.064911889757546
23,20,316,Hilbert curve 0.1,9.470663711855765
23,20,316,Hilbert curve 0.3,8.951561186728336
23,20,316,Hilbert curve 0.5,8.773373029252433
23,20,1000,Latin Hypercube,8.586088699714164
23,20,1000,Random walk,12.483466859895326
23,20,1000,Hilbert curve 0.1,8.763321032368733
23,20,1000,Hilbert curve 0.3,8.29243462162765
23,20,1000,Hilbert curve 0.5,8.207804245014584
24,5,100,Latin Hypercube,2.1216933170979226
24,5,100,Random walk,4.155615289032257
24,5,100,Hilbert curve 0.1,2.150602754699464
24,5,100,Hilbert curve 0.3,2.0553806332882023
24,5,100,Hilbert curve 0.5,2.107815917135174
24,5,316,Latin Hypercube,1.6288709391738538
24,5,316,Random walk,3.8725936258264553
24,5,316,Hilbert curve 0.1,1.6636988408866136
24,5,316,Hilbert curve 0.3,1.6201728748988318
24,5,316,Hilbert curve 0.5,1.7144180202877701
24,5,1000,Latin Hypercube,1.2643112506063003
24,5,1000,Random walk,3.8613616846103187
24,5,1000,Hilbert curve 0.1,1.2990593284402057
24,5,1000,Hilbert curve 0.3,1.262701539820584
24,5,1000,Hilbert curve 0.5,1.427596468635986
24,10,100,Latin Hypercube,5.067255911978521
24,10,100,Random walk,7.4389970290975365
24,10,100,Hilbert curve 0.1,5.269591028873635
24,10,100,Hilbert curve 0.3,4.978431455646665
24,10,100,Hilbert curve 0.5,4.96224078892682
24,10,316,Latin Hypercube,4.4394143755657725
24,10,316,Random walk,7.590567320546412
24,10,316,Hilbert curve 0.1,4.566186428356767
24,10,316,Hilbert curve 0.3,4.332268211321574
24,10,316,Hilbert curve 0.5,4.3647895122503355
24,10,1000,Latin Hypercube,3.869396706246982
24,10,1000,Random walk,7.61151782199148
24,10,1000,Hilbert curve 0.1,3.958582898132348
24,10,1000,Hilbert curve 0.3,3.8015847829774794
24,10,1000,Hilbert curve 0.5,3.9156879765281474
24,20,100,Latin Hypercube,9.953111626265732
24,20,100,Random walk,12.862142751791817
24,20,100,Hilbert curve 0.1,10.268316570781536
24,20,100,Hilbert curve 0.3,9.711605079247573
24,20,100,Hilbert curve 0.5,9.476980976789369
24,20,316,Latin Hypercube,9.257166569340653
24,20,316,Random walk,12.976228818579491
24,20,316,Hilbert curve 0.1,9.484856521225426
24,20,316,Hilbert curve 0.3,8.938766049416122
24,20,316,Hilbert curve 0.5,8.774575635125439
24,20,1000,Latin Hypercube,8.594553861818829
24,20,1000,Random walk,12.431657049550388
24,20,1000,Hilbert curve 0.1,8.758823190868707
24,20,1000,Hilbert curve 0.3,8.290736777516962
24,20,1000,Hilbert curve 0.5,8.208485531510789
25,5,100,Latin Hypercube,2.0687249553884275
25,5,100,Random walk,3.7755036040591023
25,5,100,Hilbert curve 0.1,2.1485707639688814
25,5,100,Hilbert curve 0.3,2.0142859347730853
25,5,100,Hilbert curve 0.5,2.140263336985956
25,5,316,Latin Hypercube,1.6378355265245255
25,5,316,Random walk,4.113553774627635
25,5,316,Hilbert curve 0.1,1.6741700086463505
25,5,316,Hilbert curve 0.3,1.595133386634275
25,5,316,Hilbert curve 0.5,1.7342589525878775
25,5,1000,Latin Hypercube,1.272985569185945
25,5,1000,Random walk,3.8752157800400404
25,5,1000,Hilbert curve 0.1,1.283710503336515
25,5,1000,Hilbert curve 0.3,1.2675706913753442
25,5,1000,Hilbert curve 0.5,1.4181117612323981
25,10,100,Latin Hypercube,5.087782070436758
25,10,100,Random walk,7.50875391751963
25,10,100,Hilbert curve 0.1,5.309241037697303
25,10,100,Hilbert curve 0.3,4.943037080220302
25,10,100,Hilbert curve 0.5,4.959097616996887
25,10,316,Latin Hypercube,4.421945524302792
25,10,316,Random walk,7.328572176714516
25,10,316,Hilbert curve 0.1,4.542417309586624
25,10,316,Hilbert curve 0.3,4.323674123615761
25,10,316,Hilbert curve 0.5,4.336095958774256
25,10,1000,Latin Hypercube,3.8756827478184706
25,10,1000,Random walk,7.3253632556920145
25,10,1000,Hilbert curve 0.1,3.963996347035094
25,10,1000,Hilbert curve 0.3,3.8067335780578904
25,10,1000,Hilbert curve 0.5,3.895977957947445
25,20,100,Latin Hypercube,9.929203432863133
25,20,100,Random walk,12.366340108972269
25,20,100,Hilbert curve 0.1,10.265992724418222
25,20,100,Hilbert curve 0.3,9.697871994579604
25,20,100,Hilbert curve 0.5,9.404061006143685
25,20,316,Latin Hypercube,9.226640122664854
25,20,316,Random walk,12.575265960398452
25,20,316,Hilbert curve 0.1,9.476778846356904
25,20,316,Hilbert curve 0.3,8.933888011828628
25,20,316,Hilbert curve 0.5,8.795175668372028
25,20,1000,Latin Hypercube,8.59759461483896
25,20,1000,Random walk,12.523224998147183
25,20,1000,Hilbert curve 0.1,8.764035376529657
25,20,1000,Hilbert curve 0.3,8.285600724140341
25,20,1000,Hilbert curve 0.5,8.206327067179659
26,5,100,Latin Hypercube,2.082696241887482
26,5,100,Random walk,4.172296229092799
26,5,100,Hilbert curve 0.1,2.107061475432078
26,5,100,Hilbert curve 0.3,2.055571050752531
26,5,100,Hilbert curve 0.5,2.1392099960395283
26,5,316,Latin Hypercube,1.6170483665506616
26,5,316,Random walk,4.206249172590021
26,5,316,Hilbert curve 0.1,1.6708288485689824
26,5,316,Hilbert curve 0.3,1.6036044842187602
26,5,316,Hilbert curve 0.5,1.6716269117983984
26,5,1000,Latin Hypercube,1.2705229884423315
26,5,1000,Random walk,3.5297641567584854
26,5,1000,Hilbert curve 0.1,1.2873145556517664
26,5,1000,Hilbert curve 0.3,1.2771229483326556
26,5,1000,Hilbert curve 0.5,1.430701422319725
26,10,100,Latin Hypercube,5.087093712960151
26,10,100,Random walk,7.127965482468506
26,10,100,Hilbert curve 0.1,5.234012732564097
26,10,100,Hilbert curve 0.3,4.974649241484456
26,10,100,Hilbert curve 0.5,4.947335326488994
26,10,316,Latin Hypercube,4.427311048391189
26,10,316,Random walk,7.659757656798487
26,10,316,Hilbert curve 0.1,4.543414144997341
26,10,316,Hilbert curve 0.3,4.335257959818232
26,10,316,Hilbert curve 0.5,4.312624283494292
26,10,1000,Latin Hypercube,3.876915232234772
26,10,1000,Random walk,8.153487105769482
26,10,1000,Hilbert curve 0.1,3.9669732864575002
26,10,1000,Hilbert curve 0.3,3.8099691803240683
26,10,1000,Hilbert curve 0.5,3.9142766331291203
26,20,100,Latin Hypercube,9.946868763595981
26,20,100,Random walk,12.998557318047988
26,20,100,Hilbert curve 0.1,10.250100121311567
26,20,100,Hilbert curve 0.3,9.712430185622045
26,20,100,Hilbert curve 0.5,9.47178099297884
26,20,316,Latin Hypercube,9.21927561814123
26,20,316,Random walk,12.837367745007546
26,20,316,Hilbert curve 0.1,9.44859091342659
26,20,316,Hilbert curve 0.3,8.91994111375926
26,20,316,Hilbert curve 0.5,8.78834877968427
26,20,1000,Latin Hypercube,8.593737672812328
26,20,1000,Random walk,12.37160875344911
26,20,1000,Hilbert curve 0.1,8.77545723086579
26,20,1000,Hilbert curve 0.3,8.298313225189577
26,20,1000,Hilbert curve 0.5,8.203471508056728
27,5,100,Latin Hypercube,2.098478833902034
27,5,100,Random walk,3.785869875813864
27,5,100,Hilbert curve 0.1,2.150250549561427
27,5,100,Hilbert curve 0.3,2.0872099865876246
27,5,100,Hilbert curve 0.5,2.129795524520525
27,5,316,Latin Hypercube,1.6176410524844311
27,5,316,Random walk,3.3666791690959443
27,5,316,Hilbert curve 0.1,1.6749134808572113
27,5,316,Hilbert curve 0.3,1.6056200190411558
27,5,316,Hilbert curve 0.5,1.6513369117092787
27,5,1000,Latin Hypercube,1.2684232768002963
27,5,1000,Random walk,4.226196625063283
27,5,1000,Hilbert curve 0.1,1.2884837642730322
27,5,1000,Hilbert curve 0.3,1.264727104435332
27,5,1000,Hilbert curve 0.5,1.4196596292831445
27,10,100,Latin Hypercube,5.063054891899945
27,10,100,Random walk,7.7345218272832685
27,10,100,Hilbert curve 0.1,5.228887155821725
27,10,100,Hilbert curve 0.3,4.944594691653745
27,10,100,Hilbert curve 0.5,4.897296550819923
27,10,316,Latin Hypercube,4.427054376334981
27,10,316,Random walk,7.820597925529618
27,10,316,Hilbert curve 0.1,4.554899742539983
27,10,316,Hilbert curve 0.3,4.327768620240138
27,10,316,Hilbert curve 0.5,4.353244575656849
27,10,1000,Latin Hypercube,3.8729918773056675
27,10,1000,Random walk,7.355871889829241
27,10,1000,Hilbert curve 0.1,3.9588818190914936
27,10,1000,Hilbert curve 0.3,3.8063595665199492
27,10,1000,Hilbert curve 0.5,3.910956319484761
27,20,100,Latin Hypercube,9.95903676165934
27,20,100,Random walk,12.492908018684515
27,20,100,Hilbert curve 0.1,10.220588256155363
27,20,100,Hilbert curve 0.3,9.609604246771891
27,20,100,Hilbert curve 0.5,9.465226027907464
27,20,316,Latin Hypercube,9.241650687668805
27,20,316,Random walk,13.013487118166234
27,20,316,Hilbert curve 0.1,9.46867265909249
27,20,316,Hilbert curve 0.3,8.904063295789737
27,20,316,Hilbert curve 0.5,8.787784700115626
27,20,1000,Latin Hypercube,8.60446730841476
27,20,1000,Random walk,12.347570189285461
27,20,1000,Hilbert curve 0.1,8.743482172091582
27,20,1000,Hilbert curve 0.3,8.293828613923475
27,20,1000,Hilbert curve 0.5,8.214583728452958
28,5,100,Latin Hypercube,2.103719113365608
28,5,100,Random walk,3.5678286455131527
28,5,100,Hilbert curve 0.1,2.1530552959397107
28,5,100,Hilbert curve 0.3,2.0635367931165973
28,5,100,Hilbert curve 0.5,2.085631311079802
28,5,316,Latin Hypercube,1.6192769609314885
28,5,316,Random walk,3.4022966783376423
28,5,316,Hilbert curve 0.1,1.6722401635425141
28,5,316,Hilbert curve 0.3,1.61338474312964
28,5,316,Hilbert curve 0.5,1.6980900395445775
28,5,1000,Latin Hypercube,1.2638395605559196
28,5,1000,Random walk,4.509213698775053
28,5,1000,Hilbert curve 0.1,1.2831243008955282
28,5,1000,Hilbert curve 0.3,1.280541643654594
28,5,1000,Hilbert curve 0.5,1.4417774501045373
28,10,100,Latin Hypercube,5.086306251487413
28,10,100,Random walk,7.734074311608843
28,10,100,Hilbert curve 0.1,5.230199566901417
28,10,100,Hilbert curve 0.3,4.931565653597855
28,10,100,Hilbert curve 0.5,4.919404734318572
28,10,316,Latin Hypercube,4.439461382688692
28,10,316,Random walk,7.704807522832272
28,10,316,Hilbert curve 0.1,4.5632084684717125
28,10,316,Hilbert curve 0.3,4.335681553179041
28,10,316,Hilbert curve 0.5,4.385622605528013
28,10,1000,Latin Hypercube,3.867589989256003
28,10,1000,Random walk,7.3282551271613166
28,10,1000,Hilbert curve 0.1,3.9633535462307425
28,10,1000,Hilbert curve 0.3,3.8031312947354956
28,10,1000,Hilbert curve 0.5,3.895639285323825
28,20,100,Latin Hypercube,9.946274733070194
28,20,100,Random walk,12.576925801096356
28,20,100,Hilbert curve 0.1,10.245399924027893
28,20,100,Hilbert curve 0.3,9.65994821554578
28,20,100,Hilbert curve 0.5,9.459255610996566
28,20,316,Latin Hypercube,9.234966402428961
28,20,316,Random walk,12.073291277084442
28,20,316,Hilbert curve 0.1,9.477079122520848
28,20,316,Hilbert curve 0.3,8.930732000672789
28,20,316,Hilbert curve 0.5,8.779022727934267
28,20,1000,Latin Hypercube,8.601966254182956
28,20,1000,Random walk,12.69370801027329
28,20,1000,Hilbert curve 0.1,8.77409570700096
28,20,1000,Hilbert curve 0.3,8.293117798319345
28,20,1000,Hilbert curve 0.5,8.20758003601755
29,5,100,Latin Hypercube,2.0572003270120045
29,5,100,Random walk,3.449807710359649
29,5,100,Hilbert curve 0.1,2.146472666092319
29,5,100,Hilbert curve 0.3,2.0754796324288254
29,5,100,Hilbert curve 0.5,2.1247082164680586
29,5,316,Latin Hypercube,1.6316679829237093
29,5,316,Random walk,4.313861491694572
29,5,316,Hilbert curve 0.1,1.6601652213709874
29,5,316,Hilbert curve 0.3,1.588503517179998
29,5,316,Hilbert curve 0.5,1.6912844980459156
29,5,1000,Latin Hypercube,1.272773241700857
29,5,1000,Random walk,4.205552232162263
29,5,1000,Hilbert curve 0.1,1.2729084662338657
29,5,1000,Hilbert curve 0.3,1.2783866434884157
29,5,1000,Hilbert curve 0.5,1.392301708988765
29,10,100,Latin Hypercube,5.085127937927656
29,10,100,Random walk,7.199982991409843
29,10,100,Hilbert curve 0.1,5.215326022429391
29,10,100,Hilbert curve 0.3,4.963960668778469
29,10,100,Hilbert curve 0.5,4.927665470674194
29,10,316,Latin Hypercube,4.414366217761152
29,10,316,Random walk,7.931654321304512
29,10,316,Hilbert curve 0.1,4.545555797733829
29,10,316,Hilbert curve 0.3,4.336215942378117
29,10,316,Hilbert curve 0.5,4.343562990126152
29,10,1000,Latin Hypercube,3.8800018291396787
29,10,1000,Random walk,7.585691076402576
29,10,1000,Hilbert curve 0.1,3.9808461783702063
29,10,1000,Hilbert curve 0.3,3.8020640901935234
29,10,1000,Hilbert curve 0.5,3.8749786553851764
29,20,100,Latin Hypercube,9.934193183064595
29,20,100,Random walk,12.380671465796178
29,20,100,Hilbert curve 0.1,10.283719085168524
29,20,100,Hilbert curve 0.3,9.665946750184562
29,20,100,Hilbert curve 0.5,9.460283373063218
29,20,316,Latin Hypercube,9.250397583043895
29,20,316,Random walk,12.545666368470899
29,20,316,Hilbert curve 0.1,9.452309527228874
29,20,316,Hilbert curve 0.3,8.942288542283695
29,20,316,Hilbert curve 0.5,8.776135668205724
29,20,1000,Latin Hypercube,8.600162476794583
29,20,1000,Random walk,12.141061049688968
29,20,1000,Hilbert curve 0.1,8.758871427077997
29,20,1000,Hilbert curve 0.3,8.290420828206445
29,20,1000,Hilbert curve 0.5,8.204550337775423
